{"val_loss":0.7072131335735321,"train_precision":0.5675675675675675,"_runtime":2,"train_loss":0.6704354882240295,"learning_rate":0.001,"_step":1,"val_accuracy":0.1875,"train_accuracy":0.5625,"val_recall":0.4,"val_precision":0.16666666666666666,"_wandb":{"runtime":2},"train_f1":0.5586206896551724,"train_recall":0.6363636363636364,"val_f1":0.1843137254901961,"epoch":2,"_timestamp":1.7617703138291054e+09}