{"val_loss":0.6278147995471954,"val_precision":0,"train_f1":0.5530428999002328,"learning_rate":0.001,"train_accuracy":0.671875,"val_accuracy":0.6875,"train_precision":0.7142857142857143,"val_recall":0,"_wandb":{"runtime":6},"_runtime":6,"_step":2,"train_loss":0.6676819026470184,"epoch":3,"val_f1":0.4074074074074074,"_timestamp":1.7617703054934003e+09,"train_recall":0.20833333333333334}