{
  "filters_1": 128,
  "filters_2": 32,
  "kernel_size_1": 4,
  "kernel_size_2": 9,
  "p_drop_conv": 0.2,
  "p_drop_fc": 0.5,
  "dense_units": 64,
  "batch_size": 32,
  "optimizer": "sgd",
  "learning_rate": 0.0005379125214937586,
  "weight_decay": 3.0029844369151282e-05
}