{"parameters/pd_head.classifier.4.bias":{"bins":[-0.06845183670520782,-0.06826460361480713,-0.06807737797498703,-0.06789014488458633,-0.06770291924476624,-0.06751568615436554,-0.06732846051454544,-0.06714122742414474,-0.06695400178432465,-0.06676676869392395,-0.06657954305410385,-0.06639230996370316,-0.06620508432388306,-0.06601785123348236,-0.06583062559366226,-0.06564339250326157,-0.06545616686344147,-0.06526893377304077,-0.06508170813322067,-0.06489447504281998,-0.06470724940299988,-0.06452001631259918,-0.06433279067277908,-0.06414555758237839,-0.06395833194255829,-0.06377109885215759,-0.0635838732123375,-0.0633966401219368,-0.0632094144821167,-0.063022181391716,-0.0628349557518959,-0.06264772266149521,-0.06246049702167511,-0.062273263931274414,-0.06208603456616402,-0.06189880520105362,-0.06171157583594322,-0.061524346470832825,-0.06133711710572243,-0.06114988774061203,-0.06096265837550163,-0.060775429010391235,-0.06058819964528084,-0.06040097028017044,-0.06021374091506004,-0.060026511549949646,-0.05983928218483925,-0.05965205281972885,-0.059464823454618454,-0.05927759408950806,-0.05909036472439766,-0.05890313535928726,-0.058715905994176865,-0.05852867662906647,-0.05834144726395607,-0.05815421789884567,-0.057966988533735275,-0.05777975916862488,-0.05759252980351448,-0.05740530043840408,-0.057218071073293686,-0.05703084170818329,-0.05684361234307289,-0.056656382977962494,-0.0564691536128521],"_type":"histogram","values":[1,0,0,0,0,0,0,0,0,0,0,0,0,0,0,0,0,0,0,0,0,0,0,0,0,0,0,0,0,0,0,0,0,0,0,0,0,0,0,0,0,0,0,0,0,0,0,0,0,0,0,0,0,0,0,0,0,0,0,0,0,0,0,1]},"parameters/feature_extractor.block1.0.weight":{"bins":[-0.6974186301231384,-0.6747934818267822,-0.652168333530426,-0.629543125629425,-0.6069179773330688,-0.5842928290367126,-0.5616676807403564,-0.5390425324440002,-0.516417384147644,-0.49379220604896545,-0.47116702795028687,-0.44854187965393066,-0.42591673135757446,-0.4032915532588959,-0.3806664049625397,-0.3580412268638611,-0.3354160785675049,-0.3127909302711487,-0.2901657521724701,-0.2675406038761139,-0.2449154406785965,-0.2222902774810791,-0.1996651291847229,-0.1770399659872055,-0.1544148027896881,-0.13178963959217072,-0.10916448384523392,-0.08653932809829712,-0.06391416490077972,-0.04128900542855263,-0.01866384595632553,0.0039613135159015656,0.026586413383483887,0.04921157285571098,0.07183673232793808,0.09446188807487488,0.11708705127239227,0.13971221446990967,0.16233736276626587,0.18496252596378326,0.20758768916130066,0.23021285235881805,0.25283801555633545,0.27546316385269165,0.29808831214904785,0.32071349024772644,0.34333863854408264,0.36596381664276123,0.38858896493911743,0.41121411323547363,0.4338392913341522,0.4564644396305084,0.479089617729187,0.5017147660255432,0.5243399143218994,0.5469650626182556,0.5695902109146118,0.5922154188156128,0.614840567111969,0.6374657154083252,0.6600908637046814,0.6827160120010376,0.7053412199020386,0.7279663681983948,0.750591516494751],"_type":"histogram","values":[1,0,2,4,2,1,1,3,4,1,3,4,4,7,3,5,7,8,15,18,28,31,38,58,99,108,108,117,127,119,121,129,127,117,131,113,100,85,85,60,53,34,29,24,15,18,13,13,14,15,6,11,4,9,5,8,12,4,5,5,6,2,2,3]},"_step":11,"learning_rate":0.05403600876626367,"train_f1":0.48966803163965145,"parameters/feature_extractor.block1.1.weight":{"values":[1,0,0,0,0,0,0,1,0,0,1,0,2,2,0,1,3,2,2,5,1,3,4,2,3,3,7,0,2,1,1,1,2,0,2,2,0,2,0,0,1,0,0,2,0,0,1,0,0,0,1,0,0,1,1,0,0,0,0,0,0,0,0,1],"bins":[0.7201269865036011,0.7307586073875427,0.7413902282714844,0.752021849155426,0.7626534700393677,0.7732850909233093,0.7839167714118958,0.7945483922958374,0.805180013179779,0.8158116340637207,0.8264432549476624,0.837074875831604,0.8477064967155457,0.8583381175994873,0.868969738483429,0.8796013593673706,0.890233039855957,0.9008646607398987,0.9114962816238403,0.922127902507782,0.9327595233917236,0.9433911442756653,0.9540227651596069,0.9646543860435486,0.9752860069274902,0.9859176278114319,0.9965492486953735,1.00718092918396,1.0178124904632568,1.0284441709518433,1.0390757322311401,1.0497074127197266,1.0603389739990234,1.0709706544876099,1.0816023349761963,1.0922338962554932,1.1028655767440796,1.1134971380233765,1.124128818511963,1.1347603797912598,1.1453920602798462,1.156023621559143,1.1666553020477295,1.177286982536316,1.1879185438156128,1.1985502243041992,1.209181785583496,1.2198134660720825,1.2304450273513794,1.2410767078399658,1.2517082691192627,1.2623399496078491,1.272971510887146,1.2836031913757324,1.2942348718643188,1.3048664331436157,1.3154981136322021,1.326129674911499,1.3367613554000854,1.3473929166793823,1.3580245971679688,1.3686561584472656,1.379287838935852,1.389919400215149,1.4005510807037354],"_type":"histogram"},"val_accuracy":0.6664668864249326,"val_f1":0.3999280704909189,"_runtime":0,"parameters/feature_extractor.block1.0.bias":{"_type":"histogram","values":[1,1,1,0,2,2,0,0,2,0,2,0,0,2,0,0,0,1,1,3,1,0,1,2,2,1,0,3,0,0,2,1,2,4,1,2,1,0,2,1,2,2,0,0,3,1,0,1,0,0,1,0,1,0,0,0,1,0,2,0,2,3,0,1],"bins":[-0.15788370370864868,-0.1528611183166504,-0.1478385329246521,-0.1428159475326538,-0.13779336214065552,-0.13277077674865723,-0.12774819135665894,-0.12272561341524124,-0.11770302802324295,-0.11268044263124466,-0.10765785723924637,-0.10263527184724808,-0.09761269390583038,-0.09259010851383209,-0.0875675231218338,-0.08254493772983551,-0.07752235233783722,-0.07249976694583893,-0.06747718155384064,-0.062454599887132645,-0.057432014495134354,-0.05240942910313606,-0.04738684743642807,-0.04236426204442978,-0.03734167665243149,-0.0323190912604332,-0.027296507731080055,-0.022273924201726913,-0.017251338809728622,-0.012228754349052906,-0.00720616988837719,-0.0021835854277014732,0.0028389841318130493,0.007861568592488766,0.012884153053164482,0.017906736582517624,0.022929321974515915,0.027951907366514206,0.0329744890332222,0.03799707442522049,0.04301965981721878,0.04804224520921707,0.05306483060121536,0.058087412267923355,0.06310999393463135,0.06813257932662964,0.07315516471862793,0.07817775011062622,0.08320033550262451,0.0882229208946228,0.0932455062866211,0.09826809167861938,0.10329067707061768,0.10831325501203537,0.11333584040403366,0.11835842579603195,0.12338101118803024,0.12840358912944794,0.13342617452144623,0.13844875991344452,0.1434713453054428,0.1484939306974411,0.1535165160894394,0.15853910148143768,0.16356168687343597]},"train_accuracy":0.5149894617635031,"epoch":12,"train_loss":0.695588434363901,"parameters/pd_head.classifier.1.weight":{"_type":"histogram","values":[10,4,0,3,2,1,10,10,5,10,16,14,9,23,20,19,29,44,31,28,35,83,76,91,84,91,114,135,141,165,199,304,299,347,424,547,718,816,1098,1240,1735,2073,2472,3264,4095,5258,6234,8011,10870,18067,39594,161612,98431,8847,2943,1116,509,269,147,84,39,6,3,2],"bins":[-0.9201265573501587,-0.9024157524108887,-0.8847049474716187,-0.8669940829277039,-0.8492832779884338,-0.8315724730491638,-0.813861608505249,-0.796150803565979,-0.778439998626709,-0.760729193687439,-0.743018388748169,-0.7253075242042542,-0.7075967192649841,-0.6898859143257141,-0.6721750497817993,-0.6544642448425293,-0.6367534399032593,-0.6190426349639893,-0.6013318300247192,-0.5836209654808044,-0.5659101605415344,-0.5481993556022644,-0.5304884910583496,-0.5127776861190796,-0.49506688117980957,-0.47735607624053955,-0.45964524149894714,-0.44193440675735474,-0.4242236018180847,-0.4065127968788147,-0.3888019621372223,-0.3710911273956299,-0.35338032245635986,-0.33566951751708984,-0.31795868277549744,-0.30024784803390503,-0.282537043094635,-0.264826238155365,-0.24711540341377258,-0.22940458357334137,-0.21169376373291016,-0.19398294389247894,-0.17627212405204773,-0.15856130421161652,-0.1408504843711853,-0.12313966453075409,-0.10542884469032288,-0.08771802484989166,-0.07000720500946045,-0.052296385169029236,-0.03458556532859802,-0.01687474548816681,0.0008360743522644043,0.018546894192695618,0.03625771403312683,0.053968533873558044,0.07167935371398926,0.08939017355442047,0.10710099339485168,0.1248118132352829,0.1425226330757141,0.16023345291614532,0.17794427275657654,0.19565509259700775,0.21336591243743896]},