{"_runtime":0,"val_accuracy":0.6664668864249326,"parameters/feature_extractor.block1.0.bias":{"_type":"histogram","values":[1,1,1,0,2,2,0,0,2,0,2,0,0,2,0,0,0,1,1,3,1,0,1,2,2,1,0,3,0,0,2,1,2,4,1,2,1,0,2,1,2,2,0,0,3,1,0,1,0,0,1,0,1,0,0,0,1,0,2,0,2,3,0,1],"bins":[-0.15788370370864868,-0.1528611183166504,-0.1478385329246521,-0.1428159475326538,-0.13779336214065552,-0.13277077674865723,-0.12774819135665894,-0.12272561341524124,-0.11770302802324295,-0.11268044263124466,-0.10765785723924637,-0.10263527184724808,-0.09761269390583038,-0.09259010851383209,-0.0875675231218338,-0.08254493772983551,-0.07752235233783722,-0.07249976694583893,-0.06747718155384064,-0.062454599887132645,-0.057432014495134354,-0.05240942910313606,-0.04738684743642807,-0.04236426204442978,-0.03734167665243149,-0.0323190912604332,-0.027296507731080055,-0.022273924201726913,-0.017251338809728622,-0.012228754349052906,-0.00720616988837719,-0.0021835854277014732,0.0028389841318130493,0.007861568592488766,0.012884153053164482,0.017906736582517624,0.022929321974515915,0.027951907366514206,0.0329744890332222,0.03799707442522049,0.04301965981721878,0.04804224520921707,0.05306483060121536,0.058087412267923355,0.06310999393463135,0.06813257932662964,0.07315516471862793,0.07817775011062622,0.08320033550262451,0.0882229208946228,0.0932455062866211,0.09826809167861938,0.10329067707061768,0.10831325501203537,0.11333584040403366,0.11835842579603195,0.12338101118803024,0.12840358912944794,0.13342617452144623,0.13844875991344452,0.1434713453054428,0.1484939306974411,0.1535165160894394,0.15853910148143768,0.16356168687343597]},"parameters/feature_extractor.block1.1.bias":{"bins":[-0.021486543118953705,-0.020741308107972145,-0.019996071234345436,-0.019250836223363876,-0.018505601212382317,-0.017760364338755608,-0.017015129327774048,-0.016269894316792488,-0.015524658374488354,-0.01477942243218422,-0.01403418742120266,-0.013288951478898525,-0.012543715536594391,-0.011798480525612831,-0.011053244583308697,-0.010308009572327137,-0.009562773630023003,-0.008817537687718868,-0.008072302676737309,-0.007327066734433174,-0.006581831257790327,-0.00583659578114748,-0.005091359838843346,-0.004346124362200499,-0.0036008888855576515,-0.0028556534089148045,-0.0021104176994413137,-0.0013651821063831449,-0.000619946513324976,0.00012528907973319292,0.0008705246727913618,0.0016157602658495307,0.0023609939962625504,0.0031062294729053974,0.003851465182378888,0.004596700891852379,0.005341936368495226,0.006087171845138073,0.006832407787442207,0.007577643264085054,0.008322878740727901,0.009068114683032036,0.009813349694013596,0.01055858563631773,0.011303821578621864,0.012049056589603424,0.012794292531907558,0.013539527542889118,0.014284763485193253,0.015029999427497387,0.01577523536980152,0.01652047038078308,0.01726570539176464,0.01801094226539135,0.01875617727637291,0.01950141228735447,0.02024664729833603,0.020991884171962738,0.021737119182944298,0.022482354193925858,0.023227591067552567,0.023972826078534126,0.024718061089515686,0.025463297963142395,0.026208532974123955],"_type":"histogram","values":[1,0,0,0,0,0,0,0,0,0,0,4,0,1,3,3,2,1,1,2,3,3,1,2,2,2,3,2,0,3,2,1,0,1,0,2,1,2,2,2,2,0,0,1,1,0,2,0,0,0,1,2,0,0,1,1,0,0,0,0,0,0,0,1]},"train_accuracy":0.656610777312907,"train_f1":0.39635790513083435,"parameters/feature_extractor.block1.1.weight":{"values":[1,0,0,0,0,0,0,0,1,0,1,1,1,4,0,4,2,4,5,1,2,2,1,3,2,2,4,2,2,3,2,1,0,1,2,2,1,0,0,2,1,0,0,0,1,1,0,0,0,0,0,1,0,0,0,0,0,0,0,0,0,0,0,1],"bins":[0.9609242081642151,0.962501585483551,0.964078962802887,0.9656563401222229,0.9672337174415588,0.9688110947608948,0.9703884720802307,0.9719658493995667,0.9735432267189026,0.9751206040382385,0.9766979813575745,0.9782753586769104,0.9798527359962463,0.9814301133155823,0.9830074906349182,0.9845848679542542,0.9861622452735901,0.987739622592926,0.989316999912262,0.9908943772315979,0.9924717545509338,0.9940491318702698,0.9956265091896057,0.9972038865089417,0.9987812638282776,1.0003585815429688,1.0019359588623047,1.0035133361816406,1.0050907135009766,1.0066680908203125,1.0082454681396484,1.0098228454589844,1.0114002227783203,1.0129776000976562,1.0145549774169922,1.0161323547363281,1.017709732055664,1.019287109375,1.020864486694336,1.0224418640136719,1.0240192413330078,1.0255966186523438,1.0271739959716797,1.0287513732910156,1.0303287506103516,1.0319061279296875,1.0334835052490234,1.0350608825683594,1.0366382598876953,1.0382156372070312,1.0397930145263672,1.0413703918457031,1.042947769165039,1.044525146484375,1.046102523803711,1.0476799011230469,1.0492572784423828,1.0508346557617188,1.0524120330810547,1.0539894104003906,1.0555667877197266,1.0571441650390625,1.0587215423583984,1.0602989196777344,1.0618762969970703],"_type":"histogram"},"parameters/feature_extractor.block2.1.bias":{"bins":[-0.09672678261995316,-0.09540598094463348,-0.09408517926931381,-0.09276438504457474,-0.09144358336925507,-0.0901227816939354,-0.08880198001861572,-0.08748117834329605,-0.08616037666797638,-0.0848395824432373,-0.08351878076791763,-0.08219797909259796,-0.08087717741727829,-0.07955637574195862,-0.07823558151721954,-0.07691477984189987,-0.0755939781665802,-0.07427317649126053,-0.07295237481594086,-0.07163158059120178,-0.07031077891588211,-0.06898997724056244,-0.06766917556524277,-0.0663483738899231,-0.06502757966518402,-0.06370677798986435,-0.06238597631454468,-0.061065174639225006,-0.059744372963905334,-0.05842357501387596,-0.05710277333855629,-0.055781975388526917,-0.054461169987916946,-0.05314037203788757,-0.0518195703625679,-0.05049876868724823,-0.04917797073721886,-0.047857169061899185,-0.04653637111186981,-0.04521556943655014,-0.04389476776123047,-0.042573969811201096,-0.041253168135881424,-0.03993236646056175,-0.03861156851053238,-0.03729076683521271,-0.035969965159893036,-0.03464916720986366,-0.03332836553454399,-0.03200756758451462,-0.030686765909194946,-0.029365966096520424,-0.0280451662838459,-0.02672436460852623,-0.025403564795851707,-0.024082764983177185,-0.022761963307857513,-0.02144116349518299,-0.02012036368250847,-0.018799563869833946,-0.017478764057159424,-0.016157962381839752,-0.01483716256916523,-0.013516362756490707,-0.01219556201249361],"_type":"histogram","values":[1,0,0,0,1,0,0,0,1,1,1,0,3,1,1,3,3,0,0,0,3,1,1,1,2,3,1,3,1,4,2,2,0,1,1,1,5,2,2,2,1,1,0,1,0,0,2,1,0,0,0,2,0,1,0,0,0,0,0,0,0,0,0,1]},"val_f1":0.3999280704909189,"train_loss":0.6930875454703028,"val_loss":0.6896420433059008,"parameters/pd_head.classifier.4.bias":{"_type":"histogram","values":[1,0,0,0,0,0,0,0,0,0,0,0,0,0,0,0,0,0,0,0,0,0,0,0,0,0,0,0,0,0,0,0,0,0,0,0,0,0,0,0,0,0,0,0,0,0,0,0,0,0,0,0,0,0,0,0,0,0,0,0,0,0,0,1],"bins":[-0.07336576282978058,-0.07302489131689072,-0.07268401980400085,-0.07234314829111099,-0.07200227677822113,-0.07166140526533127,-0.0713205337524414,-0.07097966223955154,-0.07063879072666168,-0.07029791921377182,-0.06995704770088196,-0.0696161761879921,-0.06927530467510223,-0.06893443316221237,-0.06859356164932251,-0.06825269013643265,-0.06791181862354279,-0.06757094711065292,-0.06723007559776306,-0.0668892040848732,-0.06654833257198334,-0.06620746105909348,-0.06586658954620361,-0.06552571803331375,-0.06518484652042389,-0.06484397500753403,-0.06450310349464417,-0.0641622319817543,-0.06382136046886444,-0.06348048895597458,-0.06313961744308472,-0.06279874593019485,-0.06245787441730499,-0.06211699917912483,-0.06177612766623497,-0.06143525615334511,-0.061094384640455246,-0.060753513127565384,-0.06041264161467552,-0.06007177010178566,-0.0597308985888958,-0.059390027076005936,-0.059049155563116074,-0.05870828405022621,-0.05836741253733635,-0.05802654102444649,-0.057685669511556625,-0.05734479799866676,-0.0570039264857769,-0.05666305497288704,-0.05632218345999718,-0.055981311947107315,-0.05564044043421745,-0.05529956892132759,-0.05495869740843773,-0.05461782589554787,-0.054276954382658005,-0.05393608286976814,-0.05359521135687828,-0.05325433984398842,-0.052913468331098557,-0.052572596818208694,-0.05223172530531883,-0.05189085379242897,-0.05154998227953911]},