{
  "completed_trials": 9,
  "total_trials": 30,
  "progress_percentage": 30.0,
  "best_value": 0.7313054106063851,
  "best_trial": 15,
  "timestamp": "2025-10-27T22:45:00.000000"
}