{
  "completed_trials": 13,
  "total_trials": 30,
  "progress_percentage": 43.333333333333336,
  "best_value": 0.7313054106063851,
  "best_trial": 15,
  "timestamp": "2025-10-27T17:19:28.036615"
}