{
  "best_params": {
    "filters_1": 32,
    "filters_2": 64,
    "kernel_size_1": 5,
    "kernel_size_2": 5,
    "p_drop_conv": 0.3129300736522818,
    "p_drop_fc": 0.35785994258711895,
    "dense_units": 32,
    "learning_rate": 3.2728820575830906e-05,
    "weight_decay": 3.960297762441869e-05,
    "optimizer": "adam",
    "batch_size": 16
  },
  "best_value": 0.7313054106063851,
  "timestamp": "2025-10-27T17:19:28.031026"
}