{
  "best_params": {
    "filters_1": 32,
    "filters_2": 64,
    "kernel_size_1": 6,
    "kernel_size_2": 7,
    "p_drop_conv": 0.2,
    "p_drop_fc": 0.5,
    "dense_units": 32,
    "learning_rate": 3.2728820575830906e-05,
    "weight_decay": 3.960297762441869e-05,
    "optimizer": "adam",
    "batch_size": 16
  },
  "best_value": 0.7313054106063851,
  "timestamp": "2025-10-27T22:45:00.000000"
}