{"_timestamp":1.7618433977715344e+09,"train_accuracy":0.5181352040013841,"_runtime":0,"parameters/pd_head.classifier.4.bias":{"values":[1,0,0,0,0,0,0,0,0,0,0,0,0,0,0,0,0,0,0,0,0,0,0,0,0,0,0,0,0,0,0,0,0,0,0,0,0,0,0,0,0,0,0,0,0,0,0,0,0,0,0,0,0,0,0,0,0,0,0,0,0,0,0,1],"bins":[0.07865089923143387,0.078798808157444,0.07894670963287354,0.07909461855888367,0.0792425274848938,0.07939042896032333,0.07953833788633347,0.0796862468123436,0.07983414828777313,0.07998205721378326,0.0801299661397934,0.08027786761522293,0.08042577654123306,0.0805736854672432,0.08072158694267273,0.08086949586868286,0.081017404794693,0.08116530627012253,0.08131321519613266,0.08146112412214279,0.08160902559757233,0.08175693452358246,0.08190484344959259,0.08205274492502213,0.08220065385103226,0.08234856277704239,0.08249646425247192,0.08264437317848206,0.08279228210449219,0.08294018357992172,0.08308809250593185,0.08323600143194199,0.08338390290737152,0.08353181183338165,0.08367972075939178,0.08382762968540192,0.08397553116083145,0.08412344008684158,0.08427134901285172,0.08441925048828125,0.08456715941429138,0.08471506834030151,0.08486296981573105,0.08501087874174118,0.08515878766775131,0.08530668914318085,0.08545459806919098,0.08560250699520111,0.08575040847063065,0.08589831739664078,0.08604622632265091,0.08619412779808044,0.08634203672409058,0.08648994565010071,0.08663784712553024,0.08678575605154037,0.0869336649775505,0.08708156645298004,0.08722947537899017,0.0873773843050003,0.08752528578042984,0.08767319470643997,0.0878211036324501,0.08796900510787964,0.08811691403388977],"_type":"histogram"},"parameters/pd_head.classifier.1.weight":{"_type":"histogram","values":[4,4,2,2,2,0,2,2,2,2,1,2,0,4,1,1,0,3,3,4,3,7,5,3,2,12,2,7,2,4,3,1,4,0,4,1,1,3,3,1,0,2,12,7,7,24,16,16,9,16,16,28,12,7,34,56,59,93,267,474,943,1408,11852,367509],"bins":[-39.773353576660156,-39.14552688598633,-38.517704010009766,-37.88987731933594,-37.26205062866211,-36.63422775268555,-36.00640106201172,-35.37857437133789,-34.75075149536133,-34.1229248046875,-33.49509811401367,-32.86727523803711,-32.23944854736328,-31.611623764038086,-30.98379898071289,-30.355972290039062,-29.728147506713867,-29.100322723388672,-28.472496032714844,-27.84467124938965,-27.216846466064453,-26.589019775390625,-25.96119499206543,-25.333370208740234,-24.705543518066406,-24.07771873474121,-23.449893951416016,-22.82206916809082,-22.194242477416992,-21.566417694091797,-20.9385929107666,-20.310766220092773,-19.682939529418945,-19.05511474609375,-18.427289962768555,-17.79946517944336,-17.17163848876953,-16.543813705444336,-15.915987968444824,-15.288163185119629,-14.660337448120117,-14.032511711120605,-13.40468692779541,-12.776861190795898,-12.149035453796387,-11.521210670471191,-10.89338493347168,-10.265560150146484,-9.637734413146973,-9.009908676147461,-8.382083892822266,-7.754258155822754,-7.1264328956604,-6.498607635498047,-5.870781898498535,-5.242956638336182,-4.615131378173828,-3.9873058795928955,-3.359480619430542,-2.7316551208496094,-2.103829860687256,-1.4760043621063232,-0.8481789827346802,-0.2203536331653595,0.40747174620628357]},"train_loss":0.69409998719707,"val_f1":0.3999280704909189,"parameters/feature_extractor.block2.0.bias":{"_type":"histogram","values":[3,2,1,0,2,0,1,0,0,1,2,2,0,1,0,2,0,1,0,0,1,2,2,0,0,0,1,0,1,0,1,0,0,1,0,1,0,0,1,2,1,1,0,1,1,1,2,2,2,0,2,1,1,0,3,0,1,2,1,2,3,2,0,4],"bins":[-0.019583160057663918,-0.018980180844664574,-0.01837720163166523,-0.017774224281311035,-0.01717124506831169,-0.016568265855312347,-0.015965286642313004,-0.015362308360636234,-0.014759330078959465,-0.014156350865960121,-0.013553371652960777,-0.012950393371284008,-0.012347414158284664,-0.011744435876607895,-0.011141456663608551,-0.010538478381931782,-0.009935499168932438,-0.009332519955933094,-0.008729541674256325,-0.008126562461256981,-0.007523584179580212,-0.006920604966580868,-0.006317626219242811,-0.005714647471904755,-0.005111668724566698,-0.0045086899772286415,-0.003905711229890585,-0.0033027322497218847,-0.002699753502383828,-0.0020967747550457716,-0.0014937958912923932,-0.0008908170857466757,-0.00028783828020095825,0.0003151405253447592,0.0009181193308904767,0.001521098194643855,0.0021240769419819117,0.0027270556893199682,0.0033300346694886684,0.003933013416826725,0.004535992164164782,0.005138970911502838,0.005741949658840895,0.006344928406178951,0.006947907619178295,0.007550886366516352,0.008153865113854408,0.008756843395531178,0.009359822608530521,0.009962801821529865,0.010565780103206635,0.011168759316205978,0.011771737597882748,0.012374716810882092,0.01297769509255886,0.013580674305558205,0.014183653518557549,0.014786631800234318,0.015389611013233662,0.01599258929491043,0.016595568507909775,0.01719854772090912,0.017801525071263313,0.018404504284262657,0.019007483497262]},"parameters/feature_extractor.block1.0.weight":{"values":[6,9,9,9,5,16,21,7,27,24,14,16,124,587,81,58,25,10,8,7,11,0,0,5,1,0,0,0,2,4,6,0,6,4,2,6,6,0,0,0,0,0,0,0,0,0,1,2,4,6,2,3,0,0,0,0,1,1,2,5,3,2,1,3],"bins":[-11.972880363464355,-11.113327980041504,-10.253775596618652,-9.3942232131958,-8.53467082977295,-7.6751179695129395,-6.815565586090088,-5.956013202667236,-5.096460819244385,-4.236908435821533,-3.3773560523986816,-2.517803430557251,-1.6582510471343994,-0.7986986041069031,0.06085383892059326,0.9204062819480896,1.779958724975586,2.6395111083984375,3.499063491821289,4.358615875244141,5.218168258666992,6.077721118927002,6.9372735023498535,7.796825885772705,8.656377792358398,9.515931129455566,10.375483512878418,11.23503589630127,12.094588279724121,12.954140663146973,13.813693046569824,14.673245429992676,15.532796859741211,16.392349243164062,17.251901626586914,18.111454010009766,18.971006393432617,19.83055877685547,20.69011116027832,21.549663543701172,22.409215927124023,23.268768310546875,24.128320693969727,24.987873077392578,25.84742546081543,26.70697784423828,27.566530227661133,28.426082611083984,29.28563690185547,30.14518928527832,31.004741668701172,31.864294052124023,32.723846435546875,33.583396911621094,34.44295120239258,35.3025016784668,36.16205596923828,37.0216064453125,37.881160736083984,38.7407112121582,39.60026550292969,40.459815979003906,41.31937026977539,42.17892074584961,43.038475036621094],"_type":"histogram"},"parameters/feature_extractor.block2.1.bias":{"values":[1,0,0,0,2,0,0,0,0,0,2,2,0,2,3,1,5,12,7,1,4,1,1,3,2,2,0,0,1,3,1,0,0,0,1,0,2,0,0,0,1,1,0,0,0,0,1,0,0,0,0,0,0,0,0,1,0,0,0,0,0,0,0,1],"bins":[-8.100919723510742,-7.69440221786499,-7.2878851890563965,-6.8813676834106445,-6.474850654602051,-6.068333148956299,-5.661816120147705,-5.255298614501953,-4.848781585693359,-4.442264080047607,-4.0357465744018555,-3.6292295455932617,-3.2227120399475098,-2.816194772720337,-2.409677505493164,-2.003160238265991,-1.5966429710388184,-1.1901257038116455,-0.7836083769798279,-0.37709107995033264,0.029426217079162598,0.43594351410865784,0.8424608111381531,1.2489781379699707,1.6554954051971436,2.0620126724243164,2.4685299396514893,2.875047206878662,3.281564712524414,3.688081979751587,4.09459924697876,4.5011162757873535,4.9076337814331055,5.314151287078857,5.720668315887451,6.127185821533203,6.533702850341797,6.940220355987549,7.346737384796143,7.7532548904418945,8.159771919250488,8.566289901733398,8.972806930541992,9.379323959350586,9.78584098815918,10.19235897064209,10.598875999450684,11.005393028259277,11.411911010742188,11.818428039550781,12.224945068359375,12.631462097167969,13.037980079650879,13.444497108459473,13.851014137268066,14.25753116607666,14.66404914855957,15.070566177368164,15.477083206176758,15.883601188659668,16.290117263793945,16.696636199951172,17.103153228759766,17.50967025756836,17.916187286376953],"_type":"histogram"},"_wandb":{"runtime":0},"val_accuracy":0.6664668864249326,"parameters/feature_extractor.block1.0.bias":{"_type":"histogram","values":[1,0,1,2,0,1,1,0,0,1,0,0,0,0,0,0,0,0,0,0,0,0,1,0,1,1,0,0,2,0,0,0,4,0,0,1,1,1,0,0,1,0,0,1,0,0,1,0,0,1,1,0,0,1,0,0,2,0,0,1,1,1,0,2],