{"_wandb":{"runtime":1},"train_loss":0.7097784951329231,"_timestamp":1.7617703099432306e+09,"val_precision":0.4375,"train_recall":0.6666666666666666,"train_f1":0.5097603162836669,"epoch":2,"_step":1,"val_accuracy":0.4375,"val_recall":1,"_runtime":1,"val_f1":0.30434782608695654,"train_accuracy":0.515625,"train_precision":0.4878048780487805,"learning_rate":0.001,"val_loss":0.6994216740131378}