{"_step":199,"train_loss":0.6930853953961964,"parameters/feature_extractor.block1.1.bias":{"values":[1,0,0,0,1,0,0,0,1,0,2,0,1,0,0,0,0,2,1,1,3,1,1,3,0,1,0,5,0,0,2,0,3,4,3,1,2,3,1,2,1,1,1,0,2,0,1,0,0,3,0,0,0,2,0,2,0,0,1,0,1,0,1,3],"bins":[-0.004769804421812296,-0.00462604034692049,-0.004482276272028685,-0.004338512197136879,-0.004194748587906361,-0.004050984513014555,-0.003907220438122749,-0.0037634563632309437,-0.003619692288339138,-0.0034759282134473324,-0.0033321641385555267,-0.0031884002964943647,-0.003044636221602559,-0.0029008721467107534,-0.0027571083046495914,-0.002613344229757786,-0.00246958015486598,-0.0023258160799741745,-0.002182052005082369,-0.002038288163021207,-0.0018945240881294012,-0.0017507600132375956,-0.0016069960547611117,-0.001463232096284628,-0.0013194680213928223,-0.0011757039465010166,-0.0010319399880245328,-0.0008881759713403881,-0.0007444119546562433,-0.0006006479379720986,-0.00045688392128795385,-0.0003131199046038091,-0.0001693563535809517,-2.5592336896806955e-05,0.00011817167978733778,0.0002619356964714825,0.00040569971315562725,0.000549463729839772,0.0006932277465239167,0.0008369917632080615,0.0009807557798922062,0.0011245198547840118,0.0012682838132604957,0.0014120477717369795,0.0015558118466287851,0.0016995759215205908,0.0018433398799970746,0.0019871038384735584,0.002130867913365364,0.0022746319882571697,0.0024183960631489754,0.0025621599052101374,0.002705923980101943,0.0028496880549937487,0.0029934518970549107,0.0031372159719467163,0.003280980046838522,0.0034247441217303276,0.0035685081966221333,0.0037122720386832952,0.003856036113575101,0.003999799955636263,0.0041435640305280685,0.004287328105419874,0.00443109218031168],"_type":"histogram"},"val_loss":0.6896469811140008,"parameters/pd_head.classifier.4.bias":{"bins":[-0.07336333394050598,-0.07302243262529373,-0.07268152385950089,-0.07234062254428864,-0.07199971377849579,-0.07165881246328354,-0.07131790369749069,-0.07097700238227844,-0.0706360936164856,-0.07029519230127335,-0.0699542835354805,-0.06961338222026825,-0.069272480905056,-0.06893157213926315,-0.0685906708240509,-0.06824976205825806,-0.0679088607430458,-0.06756795197725296,-0.06722705066204071,-0.06688614189624786,-0.06654524058103561,-0.06620433181524277,-0.06586343050003052,-0.06552252918481827,-0.06518162041902542,-0.06484071910381317,-0.06449981033802032,-0.06415890902280807,-0.06381800025701523,-0.06347709894180298,-0.06313619017601013,-0.06279528886079788,-0.062454383820295334,-0.062113478779792786,-0.06177257373929024,-0.06143166869878769,-0.06109076365828514,-0.06074985861778259,-0.06040895730257034,-0.060068052262067795,-0.05972714722156525,-0.0593862421810627,-0.05904533714056015,-0.0587044321000576,-0.058363527059555054,-0.058022622019052505,-0.05768171697854996,-0.05734081193804741,-0.05699990689754486,-0.05665900558233261,-0.05631810054183006,-0.055977195501327515,-0.055636290460824966,-0.05529538542032242,-0.05495448037981987,-0.05461357533931732,-0.054272670298814774,-0.053931765258312225,-0.05359086021780968,-0.05324995890259743,-0.05290905386209488,-0.05256814882159233,-0.05222724378108978,-0.051886338740587234,-0.051545433700084686],"_type":"histogram","values":[1,0,0,0,0,0,0,0,0,0,0,0,0,0,0,0,0,0,0,0,0,0,0,0,0,0,0,0,0,0,0,0,0,0,0,0,0,0,0,0,0,0,0,0,0,0,0,0,0,0,0,0,0,0,0,0,0,0,0,0,0,0,0,1]},"train_accuracy":0.6567995218471798,"parameters/pd_head.classifier.4.weight":{"values":[1,0,0,0,0,0,0,0,0,0,0,0,1,0,0,1,1,0,1,0,0,0,0,0,1,1,3,4,4,6,5,6,8,6,5,2,1,1,0,1,0,0,0,1,2,0,0,0,0,1,0,0,0,0,0,0,0,0,0,0,0,0,0,1],"bins":[-1.0620296001434326,-1.0282247066497803,-0.9944197535514832,-0.960614800453186,-0.9268099069595337,-0.8930050134658813,-0.8592000603675842,-0.8253951072692871,-0.7915902137756348,-0.7577853202819824,-0.7239803671836853,-0.6901754140853882,-0.6563705205917358,-0.6225656270980835,-0.5887606739997864,-0.5549557209014893,-0.5211508274078369,-0.4873459041118622,-0.45354098081588745,-0.4197360575199127,-0.385931134223938,-0.35212621092796326,-0.3183212876319885,-0.2845163643360138,-0.25071144104003906,-0.21690651774406433,-0.1831015944480896,-0.14929667115211487,-0.11549174785614014,-0.0816868245601654,-0.047881901264190674,-0.014076977968215942,0.01972782611846924,0.05353274941444397,0.0873376727104187,0.12114259600639343,0.15494751930236816,0.1887524425983429,0.22255736589431763,0.25636228919029236,0.2901672124862671,0.3239721357822418,0.35777705907821655,0.3915819823741913,0.425386905670166,0.45919182896614075,0.4929967522621155,0.5268017053604126,0.5606065988540649,0.5944114923477173,0.6282164454460144,0.6620213985443115,0.6958262920379639,0.7296311855316162,0.7634361386299133,0.7972410917282104,0.8310459852218628,0.8648508787155151,0.8986558318138123,0.9324607849121094,0.9662656784057617,1.000070571899414,1.0338754653930664,1.0676804780960083,1.1014853715896606],"_type":"histogram"},"parameters/feature_extractor.block1.0.bias":{"bins":[-0.15788370370864868,-0.1528611183166504,-0.1478385329246521,-0.1428159475326538,-0.13779336214065552,-0.13277077674865723,-0.12774819135665894,-0.12272561341524124,-0.11770302802324295,-0.11268044263124466,-0.10765785723924637,-0.10263527184724808,-0.09761269390583038,-0.09259010851383209,-0.0875675231218338,-0.08254493772983551,-0.07752235233783722,-0.07249976694583893,-0.06747718155384064,-0.062454599887132645,-0.057432014495134354,-0.05240942910313606,-0.04738684743642807,-0.04236426204442978,-0.03734167665243149,-0.0323190912604332,-0.027296507731080055,-0.022273924201726913,-0.017251338809728622,-0.012228754349052906,-0.00720616988837719,-0.0021835854277014732,0.0028389841318130493,0.007861568592488766,0.012884153053164482,0.017906736582517624,0.022929321974515915,0.027951907366514206,0.0329744890332222,0.03799707442522049,0.04301965981721878,0.04804224520921707,0.05306483060121536,0.058087412267923355,0.06310999393463135,0.06813257932662964,0.07315516471862793,0.07817775011062622,0.08320033550262451,0.0882229208946228,0.0932455062866211,0.09826809167861938,0.10329067707061768,0.10831325501203537,0.11333584040403366,0.11835842579603195,0.12338101118803024,0.12840358912944794,0.13342617452144623,0.13844875991344452,0.1434713453054428,0.1484939306974411,0.1535165160894394,0.15853910148143768,0.16356168687343597],"_type":"histogram","values":[1,1,1,0,2,2,0,0,2,0,2,0,0,2,0,0,0,1,1,3,1,0,1,2,2,1,0,3,0,0,2,1,2,4,1,2,1,0,2,1,2,2,0,0,3,1,0,1,0,0,1,0,1,0,0,0,1,0,2,0,2,3,0,1]},"epoch":200,"learning_rate":3.5052666248828703e-06,"val_accuracy":0.6664668864249326,"_runtime":0,"_timestamp":1.7620212086770403e+09,"train_specificity":0.0005496518871381459,