{"parameters/feature_extractor.block2.0.weight":{"bins":[-0.4375966787338257,-0.4231567978858948,-0.4087168872356415,-0.3942769765853882,-0.3798370957374573,-0.36539721488952637,-0.35095730423927307,-0.3365173935890198,-0.32207751274108887,-0.30763763189315796,-0.29319772124290466,-0.27875781059265137,-0.26431792974472046,-0.24987803399562836,-0.23543813824653625,-0.22099824249744415,-0.20655834674835205,-0.19211845099925995,-0.17767855525016785,-0.16323865950107574,-0.14879876375198364,-0.13435886800289154,-0.11991897225379944,-0.10547907650470734,-0.09103918075561523,-0.07659928500652313,-0.06215938925743103,-0.04771949350833893,-0.033279597759246826,-0.018839702010154724,-0.004399806261062622,0.01004008948802948,0.024479985237121582,0.038919880986213684,0.053359776735305786,0.06779967248439789,0.08223956823348999,0.09667946398258209,0.1111193597316742,0.1255592554807663,0.1399991512298584,0.1544390469789505,0.1688789427280426,0.1833188384771347,0.1977587342262268,0.2121986299753189,0.226638525724411,0.2410784214735031,0.2555183172225952,0.2699581980705261,0.2843981087207794,0.2988380193710327,0.3132779002189636,0.32771778106689453,0.3421576917171478,0.3565976023674011,0.37103748321533203,0.38547736406326294,0.39991727471351624,0.41435718536376953,0.42879706621170044,0.44323694705963135,0.45767685770988464,0.47211676836013794,0.48655664920806885],"_type":"histogram","values":[2,11,3,7,14,38,16,23,66,72,90,113,149,183,239,250,351,459,504,627,818,1137,1385,2121,3016,4694,7597,13676,38898,91885,80630,39103,18600,6968,3379,2442,1787,1437,958,862,777,671,768,798,829,864,641,557,372,263,189,119,83,67,47,39,15,5,4,5,12,11,19,11]},"parameters/feature_extractor.block2.1.weight":{"values":[1,1,0,0,0,0,0,0,0,0,1,0,1,0,1,0,3,0,0,3,2,3,2,1,1,3,2,0,1,0,0,0,1,0,0,0,0,0,0,0,0,0,0,1,0,1,0,0,0,0,0,0,0,0,0,0,0,0,0,0,1,0,0,2],"bins":[-2.935131788253784,-2.8086886405944824,-2.6822457313537598,-2.555802583694458,-2.4293594360351562,-2.3029165267944336,-2.176473379135132,-2.05003023147583,-1.9235872030258179,-1.7971441745758057,-1.670701026916504,-1.5442579984664917,-1.4178149700164795,-1.2913718223571777,-1.1649287939071655,-1.0384856462478638,-0.9120426177978516,-0.7855995297431946,-0.6591564416885376,-0.5327134132385254,-0.4062703251838684,-0.2798272371292114,-0.15338417887687683,-0.026941105723381042,0.09950196743011475,0.22594504058361053,0.3523881137371063,0.4788311719894409,0.6052742600440979,0.7317173480987549,0.8581603765487671,0.9846034646034241,1.1110467910766602,1.2374898195266724,1.3639329671859741,1.4903759956359863,1.616819143295288,1.7432621717453003,1.8697052001953125,1.9961483478546143,2.122591495513916,2.2490344047546387,2.3754775524139404,2.501920700073242,2.628363609313965,2.7548067569732666,2.8812499046325684,3.007692813873291,3.1341359615325928,3.2605791091918945,3.387022018432617,3.513465166091919,3.6399083137512207,3.7663512229919434,3.892794370651245,4.019237518310547,4.1456804275512695,4.27212381362915,4.398566722869873,4.525009632110596,4.651453018188477,4.777895927429199,4.904338836669922,5.030782222747803,5.157225131988525],"_type":"histogram"},"parameters/pd_head.classifier.1.bias":{"values":[1,0,0,0,0,0,0,0,0,0,0,0,0,0,0,0,0,0,0,1,0,0,0,0,0,0,0,0,0,0,0,0,0,0,0,1,0,0,1,1,0,0,0,0,0,0,1,0,1,0,1,0,1,1,2,1,0,0,1,0,1,4,16,29],"bins":[-0.909774661064148,-0.895531415939331,-0.8812881112098694,-0.8670448660850525,-0.8528016209602356,-0.8385583162307739,-0.824315071105957,-0.8100717663764954,-0.7958285212516785,-0.7815852761268616,-0.7673419713973999,-0.753098726272583,-0.7388554811477661,-0.7246121764183044,-0.7103689312934875,-0.6961256861686707,-0.681882381439209,-0.6676391363143921,-0.6533958911895752,-0.6391525864601135,-0.6249093413352966,-0.610666036605835,-0.5964227914810181,-0.5821795463562012,-0.5679362416267395,-0.5536929965019226,-0.5394497513771057,-0.525206446647644,-0.5109632015228271,-0.49671992659568787,-0.4824766516685486,-0.4682334065437317,-0.45399010181427,-0.4397468566894531,-0.42550358176231384,-0.41126030683517456,-0.39701706171035767,-0.3827737867832184,-0.3685305118560791,-0.3542872369289398,-0.3400439918041229,-0.32580071687698364,-0.31155744194984436,-0.29731419682502747,-0.2830709218978882,-0.2688276469707489,-0.2545843720436096,-0.24034111201763153,-0.22609785199165344,-0.21185457706451416,-0.19761131703853607,-0.18336805701255798,-0.1691247820854187,-0.1548815220594406,-0.14063824713230133,-0.12639498710632324,-0.11215171962976456,-0.09790845215320587,-0.08366518467664719,-0.0694219172000885,-0.055178649723529816,-0.04093538597226143,-0.026692118495702744,-0.012448851950466633,0.0017944148276001215],"_type":"histogram"},"parameters/feature_extractor.block1.0.bias":{"values":[2,3,2,2,0,0,2,1,0,1,1,1,2,1,2,2,3,0,3,3,1,0,2,1,2,3,1,3,2,1,5,2,1,2,4,3,1,1,1,1,2,3,3,4,2,1,1,5,2,2,3,2,3,3,2,6,3,4,2,3,0,1,1,2],"bins":[-0.09088189154863358,-0.08806002140045166,-0.08523815125226974,-0.08241628110408783,-0.07959441095590591,-0.076772540807724,-0.07395067065954208,-0.07112880051136017,-0.06830693036317825,-0.06548506021499634,-0.06266319006681442,-0.05984131619334221,-0.057019446045160294,-0.05419757589697838,-0.05137570574879646,-0.04855383560061455,-0.04573196545243263,-0.04291009530425072,-0.0400882251560688,-0.03726635500788689,-0.03444448485970497,-0.031622614711523056,-0.02880074270069599,-0.025978872552514076,-0.02315700240433216,-0.020335132256150246,-0.01751326210796833,-0.01469139102846384,-0.011869520880281925,-0.00904765073210001,-0.006225780118256807,-0.0034039097372442484,-0.0005820393562316895,0.0022398310247808695,0.005061701405793428,0.007883572019636631,0.010705442167818546,0.013527312316000462,0.01634918339550495,0.019171053543686867,0.021992923691868782,0.024814793840050697,0.027636663988232613,0.030458534136414528,0.03328040614724159,0.03610227629542351,0.03892414644360542,0.04174601659178734,0.044567886739969254,0.04738975688815117,0.050211627036333084,0.053033497184515,0.055855367332696915,0.05867723748087883,0.061499107629060745,0.06432098150253296,0.06714285165071487,0.06996472179889679,0.0727865919470787,0.07560846209526062,0.07843033224344254,0.08125220239162445,0.08407407253980637,0.08689594268798828,0.0897178128361702],"_type":"histogram"},"parameters/feature_extractor.block2.0.bias":{"bins":[-0.0035914613399654627,-0.003482091473415494,-0.0033727216068655252,-0.0032633517403155565,-0.003153981873765588,-0.003044612007215619,-0.0029352421406656504,-0.0028258722741156816,-0.002716502407565713,-0.002607132541015744,-0.0024977626744657755,-0.0023883928079158068,-0.002279022941365838,-0.0021696530748158693,-0.0020602832082659006,-0.001950913341715932,-0.0018415434751659632,-0.0017321736086159945,-0.0016228037420660257,-0.001513433875516057,-0.0014040640089660883,-0.0012946941424161196,-0.0011853242758661509,-0.0010759544093161821,-0.0009665845427662134,-0.0008572146762162447,-0.000747844809666276,-0.0006384749431163073,-0.0005291050765663385,-0.0004197352100163698,-0.0003103653434664011,-0.00020099547691643238,-9.162537753582001e-05,1.7744489014148712e-05,0.00012711435556411743,0.00023648422211408615,0.00034585408866405487,0.0004552239552140236,0.0005645938217639923,0.000673963688313961,0.0007833335548639297,0.0008927034214138985,0.0010020732879638672,0.001111443154513836,0.0012208130210638046,0.0013301828876137733,0.001439552754163742,0.0015489226207137108,0.0016582924872636795,0.0017676623538136482,0.001877032220363617,0.0019864020869135857,0.0020957719534635544,0.002205141820013523,0.002314511686563492,0.0024238815531134605,0.0025332514196634293,0.002642621286213398,0.0027519911527633667,0.0028613610193133354,0.002970730885863304,0.003080100752413273,0.0031894706189632416,0.0032988404855132103,0.003408210352063179],"_type":"histogram","values":[1,0,0,0,0,0,0,0,0,1,1,0,1,1,1,2,0,0,1,0,1,0,1,0,0,1,0,0,1,1,1,1,0,0,1,0,0,1,1,0,0,0,1,1,1,0,1,0,1,0,1,0,1,1,1,0,0,0,1,0,0,0,1,2]},"_timestamp":1.7616196775288455e+09,"parameters/feature_extractor.block2.1.bias":{"_type":"histogram",