{"_runtime":44,"val_recall":0,"learning_rate":0.0005,"val_loss":0.7460478246212006,"val_f1":0.2727272727272727,"train_f1":0.5515515515515516,"train_loss":0.6792000308632851,"_timestamp":1.7617702716678784e+09,"epoch":5,"train_precision":0.6842105263157895,"_step":4,"train_recall":0.37142857142857144,"_wandb":{"runtime":44},"val_precision":0,"train_accuracy":0.5625,"val_accuracy":0.375}