{"parameters/feature_extractor.block1.0.bias":{"bins":[-0.15788370370864868,-0.1528611183166504,-0.1478385329246521,-0.1428159475326538,-0.13779336214065552,-0.13277077674865723,-0.12774819135665894,-0.12272561341524124,-0.11770302802324295,-0.11268044263124466,-0.10765785723924637,-0.10263527184724808,-0.09761269390583038,-0.09259010851383209,-0.0875675231218338,-0.08254493772983551,-0.07752235233783722,-0.07249976694583893,-0.06747718155384064,-0.062454599887132645,-0.057432014495134354,-0.05240942910313606,-0.04738684743642807,-0.04236426204442978,-0.03734167665243149,-0.0323190912604332,-0.027296507731080055,-0.022273924201726913,-0.017251338809728622,-0.012228754349052906,-0.00720616988837719,-0.0021835854277014732,0.0028389841318130493,0.007861568592488766,0.012884153053164482,0.017906736582517624,0.022929321974515915,0.027951907366514206,0.0329744890332222,0.03799707442522049,0.04301965981721878,0.04804224520921707,0.05306483060121536,0.058087412267923355,0.06310999393463135,0.06813257932662964,0.07315516471862793,0.07817775011062622,0.08320033550262451,0.0882229208946228,0.0932455062866211,0.09826809167861938,0.10329067707061768,0.10831325501203537,0.11333584040403366,0.11835842579603195,0.12338101118803024,0.12840358912944794,0.13342617452144623,0.13844875991344452,0.1434713453054428,0.1484939306974411,0.1535165160894394,0.15853910148143768,0.16356168687343597],"_type":"histogram","values":[1,1,1,0,2,2,0,0,2,0,2,0,0,2,0,0,0,1,1,3,1,0,1,2,2,1,0,3,0,0,2,1,2,4,1,2,1,0,2,1,2,2,0,0,3,1,0,1,0,0,1,0,1,0,0,0,1,0,2,0,2,3,0,1]},"parameters/pd_head.classifier.4.weight":{"_type":"histogram","values":[1,0,0,0,0,0,1,0,0,0,0,0,0,0,0,0,0,0,0,0,1,0,1,0,0,1,2,0,1,7,9,14,13,2,2,2,0,1,0,1,2,1,0,0,0,0,0,0,0,0,0,0,0,0,0,0,1,0,0,0,0,0,0,1],"bins":[-2.643280506134033,-2.560061454772949,-2.4768424034118652,-2.3936233520507812,-2.3104045391082764,-2.2271854877471924,-2.1439664363861084,-2.0607473850250244,-1.9775283336639404,-1.894309401512146,-1.811090350151062,-1.727871298789978,-1.6446523666381836,-1.5614333152770996,-1.4782142639160156,-1.3949953317642212,-1.3117762804031372,-1.2285572290420532,-1.1453382968902588,-1.0621192455291748,-0.9789001941680908,-0.8956812024116516,-0.8124622106552124,-0.7292431592941284,-0.6460241675376892,-0.56280517578125,-0.479586124420166,-0.3963671326637268,-0.3131481111049652,-0.2299290895462036,-0.1467100828886032,-0.06349106878042221,0.01972794532775879,0.10294695943593979,0.1861659735441208,0.2693849802017212,0.3526040017604828,0.4358230233192444,0.5190420150756836,0.6022610664367676,0.6854800581932068,0.768699049949646,0.85191810131073,0.9351370930671692,1.0183560848236084,1.1015751361846924,1.1847941875457764,1.2680131196975708,1.3512321710586548,1.4344512224197388,1.5176701545715332,1.6008892059326172,1.6841082572937012,1.7673271894454956,1.8505462408065796,1.9337652921676636,2.016984224319458,2.100203275680542,2.183422327041626,2.26664137840271,2.349860429763794,2.433079242706299,2.516298294067383,2.599517345428467,2.682736396789551]},"train_accuracy":0.5584636194910189,"parameters/feature_extractor.block1.0.weight":{"bins":[-0.18897153437137604,-0.18279343843460083,-0.17661535739898682,-0.1704372614622116,-0.1642591655254364,-0.1580810695886612,-0.15190298855304718,-0.14572489261627197,-0.13954679667949677,-0.13336871564388275,-0.12719061970710754,-0.12101252377033234,-0.11483443528413773,-0.10865633934736252,-0.10247825086116791,-0.0963001549243927,-0.09012206643819809,-0.08394397795200348,-0.07776588201522827,-0.07158779352903366,-0.06540969759225845,-0.05923160910606384,-0.053053516894578934,-0.046875424683094025,-0.040697332471609116,-0.03451924026012421,-0.028341148048639297,-0.022163057699799538,-0.01598496548831463,-0.00980687327682972,-0.003628781996667385,0.0025493097491562366,0.008727401494979858,0.014905493706464767,0.021083585917949677,0.027261676266789436,0.033439770340919495,0.039617858827114105,0.045795951038599014,0.05197404325008392,0.05815213546156883,0.06433022767305374,0.07050831615924835,0.07668641209602356,0.08286450058221817,0.08904259651899338,0.09522068500518799,0.1013987809419632,0.1075768694281578,0.11375495791435242,0.11993305385112762,0.12611114978790283,0.13228923082351685,0.13846732676029205,0.14464542269706726,0.15082351863384247,0.15700159966945648,0.1631796956062317,0.1693577915430069,0.1755358725786209,0.18171396851539612,0.18789206445217133,0.19407016038894653,0.20024824142456055,0.20642633736133575],"_type":"histogram","values":[2,3,9,22,35,35,40,27,41,44,46,45,36,45,51,40,49,37,44,34,43,47,50,50,49,57,31,43,37,35,46,48,37,40,47,54,33,34,49,52,44,48,37,46,45,36,36,49,38,41,39,43,40,42,33,39,34,21,9,7,5,2,2,1]},"parameters/pd_head.classifier.1.weight":{"values":[1,2,1,1,1,3,0,1,2,1,2,3,10,6,6,9,18,23,21,34,45,64,71,97,154,158,162,259,267,328,443,561,688,933,1135,1490,1961,2553,3292,4450,6245,9834,25298,37391,38127,38036,37526,36809,35903,34753,31756,25476,4805,909,361,215,116,83,35,21,10,4,4,3],"bins":[-0.0906832292675972,-0.08876911550760269,-0.08685499429702759,-0.08494088053703308,-0.08302675932645798,-0.08111264556646347,-0.07919853180646896,-0.07728441059589386,-0.07537029683589935,-0.07345617562532425,-0.07154206186532974,-0.06962794810533524,-0.06771382689476013,-0.06579971313476562,-0.06388559192419052,-0.061971478164196014,-0.06005736067891121,-0.058143243193626404,-0.0562291257083416,-0.05431501194834709,-0.052400894463062286,-0.05048677697777748,-0.048572659492492676,-0.04665854200720787,-0.044744424521923065,-0.04283031076192856,-0.04091619327664375,-0.03900207579135895,-0.03708795830607414,-0.03517384082078934,-0.03325972706079483,-0.031345609575510025,-0.02943149209022522,-0.027517374604940414,-0.02560325898230076,-0.023689141497015953,-0.021775025874376297,-0.01986090838909149,-0.017946790903806686,-0.01603267528116703,-0.014118557795882225,-0.012204441241919994,-0.010290324687957764,-0.008376207202672958,-0.006462090648710728,-0.004547974094748497,-0.002633857075124979,-0.0007197402883321047,0.0011943764984607697,0.003108493285253644,0.005022610072046518,0.006936727091670036,0.008850843645632267,0.010764960199594498,0.012679077684879303,0.014593194238841534,0.016507310792803764,0.01842142827808857,0.020335543900728226,0.02224966138601303,0.024163778871297836,0.026077894493937492,0.027992011979222298,0.029906127601861954,0.03182024508714676],"_type":"histogram"},"epoch":11,"_runtime":0,"parameters/feature_extractor.block2.0.weight":{"bins":[-0.06383371353149414,-0.0620260164141655,-0.06021832302212715,-0.05841062590479851,-0.056602928787469864,-0.05479523539543152,-0.052987538278102875,-0.05117984116077423,-0.04937214404344559,-0.04756445065140724,-0.0457567535340786,-0.043949056416749954,-0.04214136302471161,-0.040333665907382965,-0.03852596879005432,-0.036718275398015976,-0.03491057828068733,-0.03310288116335869,-0.03129518777132034,-0.0294874906539917,-0.027679793536663055,-0.02587209828197956,-0.024064403027296066,-0.022256705909967422,-0.020449010655283928,-0.018641315400600433,-0.01683361828327179,-0.015025923028588295,-0.013218226842582226,-0.011410530656576157,-0.009602835401892662,-0.007795139215886593,-0.005987443029880524,-0.0041797468438744545,-0.0023720511235296726,-0.0005643551703542471,0.0012433407828211784,0.003051036735996604,0.0048587326891720295,0.006666428409516811,0.00847412459552288,0.01028182078152895,0.012089516967535019,0.013897212222218513,0.015704907476902008,0.017512604594230652,0.019320299848914146,0.02112799696624279,0.022935692220926285,0.02474338747560978,0.026551084592938423,0.028358779847621918,0.03016647696495056,0.03197417035698891,0.03378186747431755,0.035589564591646194,0.03739725798368454,0.039204955101013184,0.04101265221834183,0.04282034933567047,0.044628042727708817,0.04643573984503746,0.048243436962366104,0.05005113035440445,0.05185882747173309],"_type":"histogram",